status,batch_id,evolution_line_id,dex_no,stage_number,stage_label,source_type,source_filename,parent_sheet_filename,matched_asset_filename,asset_status,source_path,ocr_name,approved_name,slug,evolves_from,evolves_to,rarity,element_1,element_2,taxonomy_primary,taxonomy_secondary,role,health,aura,attack,special_attack,defense,special_defense,speed,stat_total,ability,signature_moves,description,habitat,personality,tags,confidence,review_notes,image_path,source_path_repo,intake_id
drafted,batch_001,miko-line,,1,Stage 1,evolution_sheets,01F964A2-C1C9-4FAB-A75E-0EF7609929DF_1_102_o.jpeg,01F964A2-C1C9-4FAB-A75E-0EF7609929DF_1_102_o.jpeg,,concept_only,public/assets/monari/_incoming/batch_001/evolution_sheets/01F964A2-C1C9-4FAB-A75E-0EF7609929DF_1_102_o.jpeg,Miko,Miko,miko,,mirox,Rare,Neutral,Light,Feral,Seraph,Speed Duelist,70,80,85,70,60,65,100,530,Lumen Focus,Lumen Edge; Pulse Paw; Flash Step; Mirror Guard; Brightline Slash,A focused mouse warrior Monari that channels neutral-light energy through precise paw strikes.,Training fields; old temples; moonlit plains,"Agile, focused, loyal","mouse, warrior, bipedal, light, precision, duelist, speed",0.96,,/assets/monari/_incoming/batch_001/evolution_sheets/01F964A2-C1C9-4FAB-A75E-0EF7609929DF_1_102_o.jpeg,public/assets/monari/_incoming/batch_001/evolution_sheets/01F964A2-C1C9-4FAB-A75E-0EF7609929DF_1_102_o.jpeg,batch001_001_miko
drafted,batch_001,miko-line,,2,Final,evolution_sheets,01F964A2-C1C9-4FAB-A75E-0EF7609929DF_1_102_o.jpeg,01F964A2-C1C9-4FAB-A75E-0EF7609929DF_1_102_o.jpeg,,concept_only,public/assets/monari/_incoming/batch_001/evolution_sheets/01F964A2-C1C9-4FAB-A75E-0EF7609929DF_1_102_o.jpeg,Mirox,Mirox,mirox,miko,,Rare,Neutral,Light,Feral,Seraph,Precision Duelist,90,110,120,95,80,85,130,710,Lumen Focus,Lumen Edge; Pulse Paw; Flash Step; Mirror Guard; Brightline Slash,An elegant final-form duelist whose movement sharpens under pressure and whose light-edge attacks are hard to predict.,Training fields; old temples; moonlit plains,"Agile, focused, loyal","mouse, warrior, bipedal, light, precision, duelist, speed",0.96,,/assets/monari/_incoming/batch_001/evolution_sheets/01F964A2-C1C9-4FAB-A75E-0EF7609929DF_1_102_o.jpeg,public/assets/monari/_incoming/batch_001/evolution_sheets/01F964A2-C1C9-4FAB-A75E-0EF7609929DF_1_102_o.jpeg,batch001_002_mirox
drafted,batch_001,railshrike-line,,1,Stage 1,evolution_sheets,1349420D-06C1-45EB-B70D-1D9EC035FCA1_1_105_c.jpeg,1349420D-06C1-45EB-B70D-1D9EC035FCA1_1_105_c.jpeg,,concept_only,public/assets/monari/_incoming/batch_001/evolution_sheets/1349420D-06C1-45EB-B70D-1D9EC035FCA1_1_105_c.jpeg,Sparail,Sparail,sparail,,voltrike,Rare,Steel,Thunder,Sylph,Tempest,Aerial Striker / Speed Sweeper,55,60,70,65,45,50,105,450,Rail Charge,Rail Dash; Thunder Slicer,A rail chick that sparks with curious energy and scampers along metal tracks at top speed.,"Cliffs, rails, storm routes, metal ruins","Alert, sharp, restless","bird, steel, thunder, wing-blades, speed, aerial",0.98,,/assets/monari/_incoming/batch_001/evolution_sheets/1349420D-06C1-45EB-B70D-1D9EC035FCA1_1_105_c.jpeg,public/assets/monari/_incoming/batch_001/evolution_sheets/1349420D-06C1-45EB-B70D-1D9EC035FCA1_1_105_c.jpeg,batch001_003_sparail
drafted,batch_001,railshrike-line,,2,Stage 2,evolution_sheets,1349420D-06C1-45EB-B70D-1D9EC035FCA1_1_105_c.jpeg,1349420D-06C1-45EB-B70D-1D9EC035FCA1_1_105_c.jpeg,,concept_only,public/assets/monari/_incoming/batch_001/evolution_sheets/1349420D-06C1-45EB-B70D-1D9EC035FCA1_1_105_c.jpeg,Voltrike,Voltrike,voltrike,sparail,railshrike,Rare,Steel,Thunder,Sylph,Tempest,Aerial Striker / Speed Sweeper,70,75,90,80,60,65,140,580,Rail Charge,Rail Dash; Thunder Slicer,"Built for burst speed, it launches like a railgun as lightning gathers along its wing-blades.","Cliffs, rails, storm routes, metal ruins","Alert, sharp, restless","bird, steel, thunder, wing-blades, speed, aerial",0.98,,/assets/monari/_incoming/batch_001/evolution_sheets/1349420D-06C1-45EB-B70D-1D9EC035FCA1_1_105_c.jpeg,public/assets/monari/_incoming/batch_001/evolution_sheets/1349420D-06C1-45EB-B70D-1D9EC035FCA1_1_105_c.jpeg,batch001_004_voltrike
drafted,batch_001,railshrike-line,,3,Final,evolution_sheets,1349420D-06C1-45EB-B70D-1D9EC035FCA1_1_105_c.jpeg,1349420D-06C1-45EB-B70D-1D9EC035FCA1_1_105_c.jpeg,,concept_only,public/assets/monari/_incoming/batch_001/evolution_sheets/1349420D-06C1-45EB-B70D-1D9EC035FCA1_1_105_c.jpeg,Railshrike,Railshrike,railshrike,voltrike,,Rare,Steel,Thunder,Sylph,Tempest,Aerial Striker / Speed Sweeper,85,95,115,100,75,80,150,700,Rail Charge,Rail Dash; Thunder Slicer,"A master of sky and ground that strikes in a blink, leaving only thunder and steel behind.","Cliffs, rails, storm routes, metal ruins","Alert, sharp, restless","bird, steel, thunder, wing-blades, speed, aerial",0.98,,/assets/monari/_incoming/batch_001/evolution_sheets/1349420D-06C1-45EB-B70D-1D9EC035FCA1_1_105_c.jpeg,public/assets/monari/_incoming/batch_001/evolution_sheets/1349420D-06C1-45EB-B70D-1D9EC035FCA1_1_105_c.jpeg,batch001_005_railshrike
drafted,batch_001,stormpetal-line,,1,Stage 1,evolution_sheets,1A82DD5F-7786-4114-B46E-6A4E187B76F6_1_105_c.jpeg,1A82DD5F-7786-4114-B46E-6A4E187B76F6_1_105_c.jpeg,,concept_only,public/assets/monari/_incoming/batch_001/evolution_sheets/1A82DD5F-7786-4114-B46E-6A4E187B76F6_1_105_c.jpeg,Budzap,Budzap,budzap,,stormpetal,Rare,Flora,Thunder,Feral,Tempest,Speed Sweeper,60,75,65,85,50,60,125,520,Static Bloom,Petal Volt; Storm Bloom,"A tiny, energetic Flora-Thunder Monari brimming with static sparks.","Stormy meadows, charged forests","Energetic, bright, playful","fox, flower, flora, thunder, speed, petals",0.98,,/assets/monari/_incoming/batch_001/evolution_sheets/1A82DD5F-7786-4114-B46E-6A4E187B76F6_1_105_c.jpeg,public/assets/monari/_incoming/batch_001/evolution_sheets/1A82DD5F-7786-4114-B46E-6A4E187B76F6_1_105_c.jpeg,batch001_006_budzap
drafted,batch_001,stormpetal-line,,2,Final,evolution_sheets,1A82DD5F-7786-4114-B46E-6A4E187B76F6_1_105_c.jpeg,1A82DD5F-7786-4114-B46E-6A4E187B76F6_1_105_c.jpeg,,concept_only,public/assets/monari/_incoming/batch_001/evolution_sheets/1A82DD5F-7786-4114-B46E-6A4E187B76F6_1_105_c.jpeg,Stormpetal,Stormpetal,stormpetal,budzap,,Rare,Flora,Thunder,Feral,Tempest,Speed Sweeper,80,100,85,120,70,80,150,685,Static Bloom,Petal Volt; Storm Bloom,"Agile and electrifying, it blooms through the storm with petal-bright lightning.","Stormy meadows, charged forests","Energetic, bright, playful","fox, flower, flora, thunder, speed, petals",0.98,,/assets/monari/_incoming/batch_001/evolution_sheets/1A82DD5F-7786-4114-B46E-6A4E187B76F6_1_105_c.jpeg,public/assets/monari/_incoming/batch_001/evolution_sheets/1A82DD5F-7786-4114-B46E-6A4E187B76F6_1_105_c.jpeg,batch001_007_stormpetal
drafted,batch_001,bloomhart-line,,1,Stage 1,evolution_sheets,1C30202A-DE45-44A8-A340-F2D0C388C06B_1_105_c.jpeg,1C30202A-DE45-44A8-A340-F2D0C388C06B_1_105_c.jpeg,,concept_only,public/assets/monari/_incoming/batch_001/evolution_sheets/1C30202A-DE45-44A8-A340-F2D0C388C06B_1_105_c.jpeg,Bloomfawn,Bloomfawn,bloomfawn,,bloomhart,Common,Flora,,Feral,,Support / Healer,75,80,45,65,65,85,65,480,Forest Heart,Leaf Guard; Forest Blessing,"A spry and kind-hearted Flora Monari that dashes across meadows, mending wounds with soothing floral energy.","Meadows, healing groves, starter forests","Kind, gentle, protective","deer, rabbit, flora, healer, support, flowers, antlers",0.88,Sheet says generic 'Minari' and Concept B; names use existing Monarium draft Bloomfawn/Bloomhart.,/assets/monari/_incoming/batch_001/evolution_sheets/1C30202A-DE45-44A8-A340-F2D0C388C06B_1_105_c.jpeg,public/assets/monari/_incoming/batch_001/evolution_sheets/1C30202A-DE45-44A8-A340-F2D0C388C06B_1_105_c.jpeg,batch001_008_bloomfawn
drafted,batch_001,bloomhart-line,,2,Final,evolution_sheets,1C30202A-DE45-44A8-A340-F2D0C388C06B_1_105_c.jpeg,1C30202A-DE45-44A8-A340-F2D0C388C06B_1_105_c.jpeg,,concept_only,public/assets/monari/_incoming/batch_001/evolution_sheets/1C30202A-DE45-44A8-A340-F2D0C388C06B_1_105_c.jpeg,Bloomhart,Bloomhart,bloomhart,bloomfawn,,Common,Flora,,Feral,,Support / Healer,105,110,65,90,90,115,85,660,Forest Heart,Leaf Guard; Forest Blessing,A graceful healer whose antlers bloom with living flowers and whose aura supports injured allies.,"Meadows, healing groves, starter forests","Kind, gentle, protective","deer, rabbit, flora, healer, support, flowers, antlers",0.88,Sheet says generic 'Minari' and Concept B; names use existing Monarium draft Bloomfawn/Bloomhart.,/assets/monari/_incoming/batch_001/evolution_sheets/1C30202A-DE45-44A8-A340-F2D0C388C06B_1_105_c.jpeg,public/assets/monari/_incoming/batch_001/evolution_sheets/1C30202A-DE45-44A8-A340-F2D0C388C06B_1_105_c.jpeg,batch001_009_bloomhart
drafted,batch_001,aegarthund-line,,1,Stage 1,evolution_sheets,1E638E3D-97A1-4B9A-8C32-17C4679DA246_1_102_o.jpeg,1E638E3D-97A1-4B9A-8C32-17C4679DA246_1_102_o.jpeg,,concept_only,public/assets/monari/_incoming/batch_001/evolution_sheets/1E638E3D-97A1-4B9A-8C32-17C4679DA246_1_102_o.jpeg,Pangnor,Pangnor,pangnor,,aegarthund,Rare,Steel,Thunder,Golem,Brute,Armored Defender,95,75,80,75,120,90,40,575,Stormplate,Volt Shell; High-Voltage Barrier,A heavily armored Monari that absorbs lightning to charge its durable shell and paralyzes foes with an electrically charged tail slam.,"Mountain passes, storm cliffs, steel caverns","Stubborn, protective, grounded","armored, turtle, steel, thunder, bulky, shield",0.94,,/assets/monari/_incoming/batch_001/evolution_sheets/1E638E3D-97A1-4B9A-8C32-17C4679DA246_1_102_o.jpeg,public/assets/monari/_incoming/batch_001/evolution_sheets/1E638E3D-97A1-4B9A-8C32-17C4679DA246_1_102_o.jpeg,batch001_010_pangnor
drafted,batch_001,aegarthund-line,,2,Final,evolution_sheets,1E638E3D-97A1-4B9A-8C32-17C4679DA246_1_102_o.jpeg,1E638E3D-97A1-4B9A-8C32-17C4679DA246_1_102_o.jpeg,,concept_only,public/assets/monari/_incoming/batch_001/evolution_sheets/1E638E3D-97A1-4B9A-8C32-17C4679DA246_1_102_o.jpeg,Aegarthund,Aegarthund,aegarthund,pangnor,,Rare,Steel,Thunder,Golem,Brute,Bulky Defender / Barrier,130,105,110,100,155,120,55,775,Stormplate,Volt Shell; High-Voltage Barrier,"A stormplate Monari fortified with thunderous steel armor, generating high-voltage fields and standing as an impenetrable barrier.","Mountain passes, storm cliffs, steel caverns","Stubborn, protective, grounded","armored, turtle, steel, thunder, bulky, shield",0.94,,/assets/monari/_incoming/batch_001/evolution_sheets/1E638E3D-97A1-4B9A-8C32-17C4679DA246_1_102_o.jpeg,public/assets/monari/_incoming/batch_001/evolution_sheets/1E638E3D-97A1-4B9A-8C32-17C4679DA246_1_102_o.jpeg,batch001_011_aegarthund
drafted,batch_001,noxvane-line,,1,Stage 1,evolution_sheets,3544C778-F2FF-4E32-A531-B992C1749E78_1_102_o.jpeg,3544C778-F2FF-4E32-A531-B992C1749E78_1_102_o.jpeg,,concept_only,public/assets/monari/_incoming/batch_001/evolution_sheets/3544C778-F2FF-4E32-A531-B992C1749E78_1_102_o.jpeg,Duskhare,Duskhare,duskhare,,noxvane,Super Rare,Shadow,,Feral,Wisp,Swift Shadow Duelist,70,85,90,80,55,70,110,560,Night Veil,Shadow Step; Crescent Claw,A quiet shadow hare Monari that hides its gaze beneath its fur and strikes with sudden clawed bursts.,"Dark forests, moonlit ruins, deep shade","Quiet, guarded, intense","rabbit, shadow, dark, assassin, bipedal, claws",0.55,No readable name/text on image; names/elements/stats are AI draft and need approval.,/assets/monari/_incoming/batch_001/evolution_sheets/3544C778-F2FF-4E32-A531-B992C1749E78_1_102_o.jpeg,public/assets/monari/_incoming/batch_001/evolution_sheets/3544C778-F2FF-4E32-A531-B992C1749E78_1_102_o.jpeg,batch001_012_duskhare
drafted,batch_001,noxvane-line,,2,Final,evolution_sheets,3544C778-F2FF-4E32-A531-B992C1749E78_1_102_o.jpeg,3544C778-F2FF-4E32-A531-B992C1749E78_1_102_o.jpeg,,concept_only,public/assets/monari/_incoming/batch_001/evolution_sheets/3544C778-F2FF-4E32-A531-B992C1749E78_1_102_o.jpeg,Noxvane,Noxvane,noxvane,duskhare,,Super Rare,Shadow,,Feral,Wisp,Shadow Assassin,90,120,125,110,80,95,145,765,Night Veil,Shadow Step; Crescent Claw,"A tall, cloak-like shadow duelist whose silent movements make it feel like a living night blade.","Dark forests, moonlit ruins, deep shade","Quiet, guarded, intense","rabbit, shadow, dark, assassin, bipedal, claws",0.55,No readable name/text on image; names/elements/stats are AI draft and need approval.,/assets/monari/_incoming/batch_001/evolution_sheets/3544C778-F2FF-4E32-A531-B992C1749E78_1_102_o.jpeg,public/assets/monari/_incoming/batch_001/evolution_sheets/3544C778-F2FF-4E32-A531-B992C1749E78_1_102_o.jpeg,batch001_013_noxvane
drafted,batch_001,riftusk-line,,1,Stage 1,evolution_sheets,359888FD-DC7B-4D90-B112-BCB1C53CD1D9_1_105_c.jpeg,359888FD-DC7B-4D90-B112-BCB1C53CD1D9_1_105_c.jpeg,,concept_only,public/assets/monari/_incoming/batch_001/evolution_sheets/359888FD-DC7B-4D90-B112-BCB1C53CD1D9_1_105_c.jpeg,Chipcub,Chipcub,chipcub,,riftsnout,Rare,Stone,,Brute,Golem,Bruiser / Digger,85,45,85,35,80,55,55,440,Rift Runner,Rift Dig; Stone Crush,"A playful cub that roots around soft ground, using tiny stone tusks to pry up minerals and grubs.","Caves, canyons, mountain trails","Playful, tough, direct","boar, stone, tusks, digger, bruiser, quadruped",0.98,,/assets/monari/_incoming/batch_001/evolution_sheets/359888FD-DC7B-4D90-B112-BCB1C53CD1D9_1_105_c.jpeg,public/assets/monari/_incoming/batch_001/evolution_sheets/359888FD-DC7B-4D90-B112-BCB1C53CD1D9_1_105_c.jpeg,batch001_014_chipcub
drafted,batch_001,riftusk-line,,2,Stage 2,evolution_sheets,359888FD-DC7B-4D90-B112-BCB1C53CD1D9_1_105_c.jpeg,359888FD-DC7B-4D90-B112-BCB1C53CD1D9_1_105_c.jpeg,,concept_only,public/assets/monari/_incoming/batch_001/evolution_sheets/359888FD-DC7B-4D90-B112-BCB1C53CD1D9_1_105_c.jpeg,Riftsnout,Riftsnout,riftsnout,chipcub,riftusk,Rare,Stone,,Brute,Golem,Bruiser / Digger,105,55,110,45,105,70,80,570,Rift Runner,Rift Dig; Stone Crush,A swift tunnel runner that carves through rock with chisel tusks and defends with hardened shoulders.,"Caves, canyons, mountain trails","Playful, tough, direct","boar, stone, tusks, digger, bruiser, quadruped",0.98,,/assets/monari/_incoming/batch_001/evolution_sheets/359888FD-DC7B-4D90-B112-BCB1C53CD1D9_1_105_c.jpeg,public/assets/monari/_incoming/batch_001/evolution_sheets/359888FD-DC7B-4D90-B112-BCB1C53CD1D9_1_105_c.jpeg,batch001_015_riftsnout
drafted,batch_001,riftusk-line,,3,Final,evolution_sheets,359888FD-DC7B-4D90-B112-BCB1C53CD1D9_1_105_c.jpeg,359888FD-DC7B-4D90-B112-BCB1C53CD1D9_1_105_c.jpeg,,concept_only,public/assets/monari/_incoming/batch_001/evolution_sheets/359888FD-DC7B-4D90-B112-BCB1C53CD1D9_1_105_c.jpeg,Riftusk,Riftusk,riftusk,riftsnout,,Rare,Stone,,Brute,Golem,Bruiser / Digger,135,70,140,60,130,90,85,710,Rift Runner,Rift Dig; Stone Crush,A master burrower that splits the earth with wedge tusks and ambushes prey from the deepest rifts.,"Caves, canyons, mountain trails","Playful, tough, direct","boar, stone, tusks, digger, bruiser, quadruped",0.98,,/assets/monari/_incoming/batch_001/evolution_sheets/359888FD-DC7B-4D90-B112-BCB1C53CD1D9_1_105_c.jpeg,public/assets/monari/_incoming/batch_001/evolution_sheets/359888FD-DC7B-4D90-B112-BCB1C53CD1D9_1_105_c.jpeg,batch001_016_riftusk
drafted,batch_001,gleamfang-line,,1,Stage 1,evolution_sheets,46EC6065-D37C-40E2-945C-D226934D0880_1_105_c.jpeg,46EC6065-D37C-40E2-945C-D226934D0880_1_105_c.jpeg,,concept_only,public/assets/monari/_incoming/batch_001/evolution_sheets/46EC6065-D37C-40E2-945C-D226934D0880_1_105_c.jpeg,Glintcub,Glintcub,glintcub,,gleamfang,Rare,Light,,Feral,Seraph,Speed Fighter / Scout,60,75,70,75,50,65,120,515,Sunlit Step,Gleam Dash; Solar Fang,A quick-footed light Monari with a bright spark at its tail.,"Sunlit fields, ruins, shrine paths","Proud, graceful, alert","cat, panther, light, scout, speed, tail-star",0.97,,/assets/monari/_incoming/batch_001/evolution_sheets/46EC6065-D37C-40E2-945C-D226934D0880_1_105_c.jpeg,public/assets/monari/_incoming/batch_001/evolution_sheets/46EC6065-D37C-40E2-945C-D226934D0880_1_105_c.jpeg,batch001_017_glintcub
drafted,batch_001,gleamfang-line,,2,Final,evolution_sheets,46EC6065-D37C-40E2-945C-D226934D0880_1_105_c.jpeg,46EC6065-D37C-40E2-945C-D226934D0880_1_105_c.jpeg,,concept_only,public/assets/monari/_incoming/batch_001/evolution_sheets/46EC6065-D37C-40E2-945C-D226934D0880_1_105_c.jpeg,Gleamfang,Gleamfang,gleamfang,glintcub,,Rare,Light,,Feral,Seraph,Speed Fighter / Scout,80,100,100,105,70,90,150,695,Sunlit Step,Gleam Dash; Solar Fang,A swift light-panther Monari that strikes like sunlight.,"Sunlit fields, ruins, shrine paths","Proud, graceful, alert","cat, panther, light, scout, speed, tail-star",0.97,,/assets/monari/_incoming/batch_001/evolution_sheets/46EC6065-D37C-40E2-945C-D226934D0880_1_105_c.jpeg,public/assets/monari/_incoming/batch_001/evolution_sheets/46EC6065-D37C-40E2-945C-D226934D0880_1_105_c.jpeg,batch001_018_gleamfang
needs_review,batch_001,prismaris-line,,1,Stage 1,evolution_sheets,59A3CB66-A241-4D04-9064-37081CD9D373_1_105_c.jpeg,59A3CB66-A241-4D04-9064-37081CD9D373_1_105_c.jpeg,,concept_only,public/assets/monari/_incoming/batch_001/evolution_sheets/59A3CB66-A241-4D04-9064-37081CD9D373_1_105_c.jpeg,Prismaris,Prismaris,prismaris,,prismaris-prime,Ancient,Crystal,,Astral,Golem,Special Attacker,70,140,55,135,75,105,120,700,Crystal Resonance,Prism Field; Crystal Resonance,A floating crystal Monari that surrounds itself with prisms and bends incoming energy.,"Crystal caverns, ancient mirror sanctums","Mysterious, calculating, calm","crystal, floating, ancient, prism, control, special-attacker",0.82,Sheet names both forms Prismaris. Proposed final-form display name 'Prismaris Prime' needs approval.,/assets/monari/_incoming/batch_001/evolution_sheets/59A3CB66-A241-4D04-9064-37081CD9D373_1_105_c.jpeg,public/assets/monari/_incoming/batch_001/evolution_sheets/59A3CB66-A241-4D04-9064-37081CD9D373_1_105_c.jpeg,batch001_019_prismaris
needs_review,batch_001,prismaris-line,,2,Final,evolution_sheets,59A3CB66-A241-4D04-9064-37081CD9D373_1_105_c.jpeg,59A3CB66-A241-4D04-9064-37081CD9D373_1_105_c.jpeg,,concept_only,public/assets/monari/_incoming/batch_001/evolution_sheets/59A3CB66-A241-4D04-9064-37081CD9D373_1_105_c.jpeg,Prismaris Prime,Prismaris Prime,prismaris-prime,prismaris,,Ancient,Crystal,,Astral,Golem,Battlefield Control,90,180,70,170,95,135,150,890,Crystal Resonance,Prism Field; Crystal Resonance,An ancient prism guardian that controls battlefield light through massive mirrored crystal arrays.,"Crystal caverns, ancient mirror sanctums","Mysterious, calculating, calm","crystal, floating, ancient, prism, control, special-attacker",0.82,Sheet names both forms Prismaris. Proposed final-form display name 'Prismaris Prime' needs approval.,/assets/monari/_incoming/batch_001/evolution_sheets/59A3CB66-A241-4D04-9064-37081CD9D373_1_105_c.jpeg,public/assets/monari/_incoming/batch_001/evolution_sheets/59A3CB66-A241-4D04-9064-37081CD9D373_1_105_c.jpeg,batch001_020_prismaris-prime
drafted,batch_001,volkarax-line,,1,Stage 1,evolution_sheets,8FFAF9F1-9BCD-4DF7-ACE3-E085BC025E1F_1_102_o.jpeg,8FFAF9F1-9BCD-4DF7-ACE3-E085BC025E1F_1_102_o.jpeg,,concept_only,public/assets/monari/_incoming/batch_001/evolution_sheets/8FFAF9F1-9BCD-4DF7-ACE3-E085BC025E1F_1_102_o.jpeg,Lavyke,Lavyke,lavyke,,volkrax,Super Rare,Fire,Stone,Drake,Golem,Volcanic Baby Dragon,80,65,95,85,70,60,75,530,Magma Core,Eruption Claw; Lava Wing,A volcanic baby dragon with molten scales and a burning tail flame.,"Volcanoes, lava fields, scorched cliffs","Fierce, territorial, proud","dragon, drake, fire, stone, volcano, wings, magma",0.95,,/assets/monari/_incoming/batch_001/evolution_sheets/8FFAF9F1-9BCD-4DF7-ACE3-E085BC025E1F_1_102_o.jpeg,public/assets/monari/_incoming/batch_001/evolution_sheets/8FFAF9F1-9BCD-4DF7-ACE3-E085BC025E1F_1_102_o.jpeg,batch001_021_lavyke
drafted,batch_001,volkarax-line,,2,Stage 2,evolution_sheets,8FFAF9F1-9BCD-4DF7-ACE3-E085BC025E1F_1_102_o.jpeg,8FFAF9F1-9BCD-4DF7-ACE3-E085BC025E1F_1_102_o.jpeg,,concept_only,public/assets/monari/_incoming/batch_001/evolution_sheets/8FFAF9F1-9BCD-4DF7-ACE3-E085BC025E1F_1_102_o.jpeg,Volkrax,Volkrax,volkrax,lavyke,volkarax,Super Rare,Fire,Stone,Drake,Golem,Eruption Drake,105,85,125,110,95,80,95,695,Magma Core,Eruption Claw; Lava Wing,An eruption drake whose wings and lava-rock armor harden under extreme heat.,"Volcanoes, lava fields, scorched cliffs","Fierce, territorial, proud","dragon, drake, fire, stone, volcano, wings, magma",0.95,,/assets/monari/_incoming/batch_001/evolution_sheets/8FFAF9F1-9BCD-4DF7-ACE3-E085BC025E1F_1_102_o.jpeg,public/assets/monari/_incoming/batch_001/evolution_sheets/8FFAF9F1-9BCD-4DF7-ACE3-E085BC025E1F_1_102_o.jpeg,batch001_022_volkrax
drafted,batch_001,volkarax-line,,3,Final,evolution_sheets,8FFAF9F1-9BCD-4DF7-ACE3-E085BC025E1F_1_102_o.jpeg,8FFAF9F1-9BCD-4DF7-ACE3-E085BC025E1F_1_102_o.jpeg,,concept_only,public/assets/monari/_incoming/batch_001/evolution_sheets/8FFAF9F1-9BCD-4DF7-ACE3-E085BC025E1F_1_102_o.jpeg,Volkarax,Volkarax,volkarax,volkrax,,Super Rare,Fire,Stone,Drake,Golem,Volcanic Dragon,130,110,155,135,120,105,115,870,Magma Core,Eruption Claw; Lava Wing,A volcanic dragon whose magma armor and wings can ignite the battlefield.,"Volcanoes, lava fields, scorched cliffs","Fierce, territorial, proud","dragon, drake, fire, stone, volcano, wings, magma",0.95,,/assets/monari/_incoming/batch_001/evolution_sheets/8FFAF9F1-9BCD-4DF7-ACE3-E085BC025E1F_1_102_o.jpeg,public/assets/monari/_incoming/batch_001/evolution_sheets/8FFAF9F1-9BCD-4DF7-ACE3-E085BC025E1F_1_102_o.jpeg,batch001_023_volkarax
drafted,batch_001,tempestik-line,,1,Stage 1,evolution_sheets,92C71522-0CB3-44A0-BBE9-56D68D385B15_1_105_c.jpeg,92C71522-0CB3-44A0-BBE9-56D68D385B15_1_105_c.jpeg,,concept_only,public/assets/monari/_incoming/batch_001/evolution_sheets/92C71522-0CB3-44A0-BBE9-56D68D385B15_1_105_c.jpeg,Pufflet,Pufflet,pufflet,,galefang,Rare,Gale,,Feral,Tempest,Speed Scout / Ambusher,55,65,65,70,45,55,120,475,Tail Gale,Wind Slash; Tail Gale,A playful ferret-pup that manipulates small gusts and loves to tumble on the wind.,"Windy grasslands, cliff paths, high routes","Playful, clever, quick","ferret, gale, wind, speed, ambusher, quadruped",0.98,,/assets/monari/_incoming/batch_001/evolution_sheets/92C71522-0CB3-44A0-BBE9-56D68D385B15_1_105_c.jpeg,public/assets/monari/_incoming/batch_001/evolution_sheets/92C71522-0CB3-44A0-BBE9-56D68D385B15_1_105_c.jpeg,batch001_024_pufflet
drafted,batch_001,tempestik-line,,2,Stage 2,evolution_sheets,92C71522-0CB3-44A0-BBE9-56D68D385B15_1_105_c.jpeg,92C71522-0CB3-44A0-BBE9-56D68D385B15_1_105_c.jpeg,,concept_only,public/assets/monari/_incoming/batch_001/evolution_sheets/92C71522-0CB3-44A0-BBE9-56D68D385B15_1_105_c.jpeg,Galefang,Galefang,galefang,pufflet,tempestik,Rare,Gale,,Feral,Tempest,Speed Scout / Ambusher,70,80,85,90,60,70,145,600,Tail Gale,Wind Slash; Tail Gale,"Quick and clever, it uses cutting gusts and feints to outmaneuver foes while its tail streamer guides the wind.","Windy grasslands, cliff paths, high routes","Playful, clever, quick","ferret, gale, wind, speed, ambusher, quadruped",0.98,,/assets/monari/_incoming/batch_001/evolution_sheets/92C71522-0CB3-44A0-BBE9-56D68D385B15_1_105_c.jpeg,public/assets/monari/_incoming/batch_001/evolution_sheets/92C71522-0CB3-44A0-BBE9-56D68D385B15_1_105_c.jpeg,batch001_025_galefang
drafted,batch_001,tempestik-line,,3,Final,evolution_sheets,92C71522-0CB3-44A0-BBE9-56D68D385B15_1_105_c.jpeg,92C71522-0CB3-44A0-BBE9-56D68D385B15_1_105_c.jpeg,,concept_only,public/assets/monari/_incoming/batch_001/evolution_sheets/92C71522-0CB3-44A0-BBE9-56D68D385B15_1_105_c.jpeg,Tempestik,Tempestik,tempestik,galefang,,Rare,Gale,,Feral,Tempest,Speed Scout / Ambusher,85,100,105,115,75,90,160,730,Tail Gale,Wind Slash; Tail Gale,"A master of the tempest that moves like the wind—silent, sudden, and gone before you can react.","Windy grasslands, cliff paths, high routes","Playful, clever, quick","ferret, gale, wind, speed, ambusher, quadruped",0.98,,/assets/monari/_incoming/batch_001/evolution_sheets/92C71522-0CB3-44A0-BBE9-56D68D385B15_1_105_c.jpeg,public/assets/monari/_incoming/batch_001/evolution_sheets/92C71522-0CB3-44A0-BBE9-56D68D385B15_1_105_c.jpeg,batch001_026_tempestik
drafted,batch_001,veilumi-line,,1,Stage 1,evolution_sheets,9C45BACF-979E-4442-A3CE-C056D2591B25_1_105_c.jpeg,9C45BACF-979E-4442-A3CE-C056D2591B25_1_105_c.jpeg,,concept_only,public/assets/monari/_incoming/batch_001/evolution_sheets/9C45BACF-979E-4442-A3CE-C056D2591B25_1_105_c.jpeg,Nimbli,Nimbli,nimbli,,veilumi,Ancient,Aether,,Wisp,Astral,Support / Special Attacker,65,140,40,120,70,110,125,670,Aether Flow,Aether Whisper; Luminos Veil,A curious little spirit that drifts on breezes and collects tiny motes of light.,"Aether currents, dream groves, spirit paths","Gentle, curious, protective","spirit, aether, support, floating, veil, special-attacker",0.93,Sheet says Ultra Rare; mapped to Ancient for current rarity system unless Ultra Rare is re-added.,/assets/monari/_incoming/batch_001/evolution_sheets/9C45BACF-979E-4442-A3CE-C056D2591B25_1_105_c.jpeg,public/assets/monari/_incoming/batch_001/evolution_sheets/9C45BACF-979E-4442-A3CE-C056D2591B25_1_105_c.jpeg,batch001_027_nimbli
drafted,batch_001,veilumi-line,,2,Final,evolution_sheets,9C45BACF-979E-4442-A3CE-C056D2591B25_1_105_c.jpeg,9C45BACF-979E-4442-A3CE-C056D2591B25_1_105_c.jpeg,,concept_only,public/assets/monari/_incoming/batch_001/evolution_sheets/9C45BACF-979E-4442-A3CE-C056D2591B25_1_105_c.jpeg,Veilumi,Veilumi,veilumi,nimbli,,Ancient,Aether,,Wisp,Astral,Support / Special Attacker,85,175,55,150,90,135,150,840,Aether Flow,Aether Whisper; Luminos Veil,A graceful Aether Monari that guides lost souls with gentle light and bends aether flow to aid allies.,"Aether currents, dream groves, spirit paths","Gentle, curious, protective","spirit, aether, support, floating, veil, special-attacker",0.93,Sheet says Ultra Rare; mapped to Ancient for current rarity system unless Ultra Rare is re-added.,/assets/monari/_incoming/batch_001/evolution_sheets/9C45BACF-979E-4442-A3CE-C056D2591B25_1_105_c.jpeg,public/assets/monari/_incoming/batch_001/evolution_sheets/9C45BACF-979E-4442-A3CE-C056D2591B25_1_105_c.jpeg,batch001_028_veilumi
drafted,batch_001,reefflash-line,,1,Stage 1,evolution_sheets,AAE479C6-2A9F-4ADE-B38F-1EA43FF0BEA5_1_102_o.jpeg,AAE479C6-2A9F-4ADE-B38F-1EA43FF0BEA5_1_102_o.jpeg,,concept_only,public/assets/monari/_incoming/batch_001/evolution_sheets/AAE479C6-2A9F-4ADE-B38F-1EA43FF0BEA5_1_102_o.jpeg,Zapolotl,Zapolotl,zapolotl,,reefflash,Rare,Water,Thunder,Feral,Tempest,Agile Attacker,70,70,70,80,55,65,110,520,Current Surge,Reef Bolt; Flash Current,A playful axolotl Monari that sparks with natural energy.,"Reefs, coastlines, stormy shallows","Playful, bold, quick","axolotl, aquatic, water, thunder, agile, predator",0.97,,/assets/monari/_incoming/batch_001/evolution_sheets/AAE479C6-2A9F-4ADE-B38F-1EA43FF0BEA5_1_102_o.jpeg,public/assets/monari/_incoming/batch_001/evolution_sheets/AAE479C6-2A9F-4ADE-B38F-1EA43FF0BEA5_1_102_o.jpeg,batch001_029_zapolotl
drafted,batch_001,reefflash-line,,2,Final,evolution_sheets,AAE479C6-2A9F-4ADE-B38F-1EA43FF0BEA5_1_102_o.jpeg,AAE479C6-2A9F-4ADE-B38F-1EA43FF0BEA5_1_102_o.jpeg,,concept_only,public/assets/monari/_incoming/batch_001/evolution_sheets/AAE479C6-2A9F-4ADE-B38F-1EA43FF0BEA5_1_102_o.jpeg,Reefflash,Reefflash,reefflash,zapolotl,,Rare,Water,Thunder,Feral,Tempest,Agile Attacker,90,95,95,115,75,85,145,700,Current Surge,Reef Bolt; Flash Current,A lightning-fast aquatic predator that crashes through waves in a flash.,"Reefs, coastlines, stormy shallows","Playful, bold, quick","axolotl, aquatic, water, thunder, agile, predator",0.97,,/assets/monari/_incoming/batch_001/evolution_sheets/AAE479C6-2A9F-4ADE-B38F-1EA43FF0BEA5_1_102_o.jpeg,public/assets/monari/_incoming/batch_001/evolution_sheets/AAE479C6-2A9F-4ADE-B38F-1EA43FF0BEA5_1_102_o.jpeg,batch001_030_reefflash
drafted,batch_001,tidaltor-line,,1,Stage 1,evolution_sheets,BBABB411-1CA4-4753-B10B-80D5E54A2605_1_102_o.jpeg,BBABB411-1CA4-4753-B10B-80D5E54A2605_1_102_o.jpeg,,concept_only,public/assets/monari/_incoming/batch_001/evolution_sheets/BBABB411-1CA4-4753-B10B-80D5E54A2605_1_102_o.jpeg,Lambeau,Lambeau,lambeau,,rambouy,Rare,Water,,Brute,Feral,Soft Water Lamb,85,60,75,65,75,65,70,495,Tidal Wool,Water Ram; Tidal Crash,A soft sheep-like Water Monari with a calm heart and water droplet tail.,"Riverbanks, coastal farms, rain plains","Calm, brave, loyal","sheep, bull, water, horns, bruiser, bulky",0.94,,/assets/monari/_incoming/batch_001/evolution_sheets/BBABB411-1CA4-4753-B10B-80D5E54A2605_1_102_o.jpeg,public/assets/monari/_incoming/batch_001/evolution_sheets/BBABB411-1CA4-4753-B10B-80D5E54A2605_1_102_o.jpeg,batch001_031_lambeau
drafted,batch_001,tidaltor-line,,2,Stage 2,evolution_sheets,BBABB411-1CA4-4753-B10B-80D5E54A2605_1_102_o.jpeg,BBABB411-1CA4-4753-B10B-80D5E54A2605_1_102_o.jpeg,,concept_only,public/assets/monari/_incoming/batch_001/evolution_sheets/BBABB411-1CA4-4753-B10B-80D5E54A2605_1_102_o.jpeg,Rambouy,Rambouy,rambouy,lambeau,tidaltor,Rare,Water,,Brute,Feral,Water Bull Fighter,105,75,100,80,95,80,80,615,Tidal Wool,Water Ram; Tidal Crash,A growing sheep-bull hybrid whose horns and water aura sharpen as it matures.,"Riverbanks, coastal farms, rain plains","Calm, brave, loyal","sheep, bull, water, horns, bruiser, bulky",0.94,,/assets/monari/_incoming/batch_001/evolution_sheets/BBABB411-1CA4-4753-B10B-80D5E54A2605_1_102_o.jpeg,public/assets/monari/_incoming/batch_001/evolution_sheets/BBABB411-1CA4-4753-B10B-80D5E54A2605_1_102_o.jpeg,batch001_032_rambouy
drafted,batch_001,tidaltor-line,,3,Final,evolution_sheets,BBABB411-1CA4-4753-B10B-80D5E54A2605_1_102_o.jpeg,BBABB411-1CA4-4753-B10B-80D5E54A2605_1_102_o.jpeg,,concept_only,public/assets/monari/_incoming/batch_001/evolution_sheets/BBABB411-1CA4-4753-B10B-80D5E54A2605_1_102_o.jpeg,Tidaltor,Tidaltor,tidaltor,rambouy,,Rare,Water,,Brute,Feral,Tidal Bruiser,130,95,130,105,120,100,90,770,Tidal Wool,Water Ram; Tidal Crash,A powerful tidal bull Monari that crashes forward with heavy water-wrapped strikes.,"Riverbanks, coastal farms, rain plains","Calm, brave, loyal","sheep, bull, water, horns, bruiser, bulky",0.94,,/assets/monari/_incoming/batch_001/evolution_sheets/BBABB411-1CA4-4753-B10B-80D5E54A2605_1_102_o.jpeg,public/assets/monari/_incoming/batch_001/evolution_sheets/BBABB411-1CA4-4753-B10B-80D5E54A2605_1_102_o.jpeg,batch001_033_tidaltor
drafted,batch_001,aquaplume-line,,1,Stage 1,evolution_sheets,C9CB43BF-AE3B-4B6A-8789-508C288DEA40_1_102_o.jpeg,C9CB43BF-AE3B-4B6A-8789-508C288DEA40_1_102_o.jpeg,,concept_only,public/assets/monari/_incoming/batch_001/evolution_sheets/C9CB43BF-AE3B-4B6A-8789-508C288DEA40_1_102_o.jpeg,Foamlet,Foamlet,foamlet,,crestwave,Rare,Water,Gale,Sylph,Tempest,Water Bird Chick,55,70,55,75,50,65,100,470,Mist Plume,Aqua Wing; Torrent Glide,A cheerful water-plumed chick whose tiny wings scatter bubbles as it hops.,"Mist lakes, waterfalls, coastal cliffs","Cheerful, elegant, evasive","bird, water, gale, wings, mist, aerial",0.58,No names on sheet. Names are AI draft and should be reviewed.,/assets/monari/_incoming/batch_001/evolution_sheets/C9CB43BF-AE3B-4B6A-8789-508C288DEA40_1_102_o.jpeg,public/assets/monari/_incoming/batch_001/evolution_sheets/C9CB43BF-AE3B-4B6A-8789-508C288DEA40_1_102_o.jpeg,batch001_034_foamlet
drafted,batch_001,aquaplume-line,,2,Stage 2,evolution_sheets,C9CB43BF-AE3B-4B6A-8789-508C288DEA40_1_102_o.jpeg,C9CB43BF-AE3B-4B6A-8789-508C288DEA40_1_102_o.jpeg,,concept_only,public/assets/monari/_incoming/batch_001/evolution_sheets/C9CB43BF-AE3B-4B6A-8789-508C288DEA40_1_102_o.jpeg,Crestwave,Crestwave,crestwave,foamlet,aqualume,Rare,Water,Gale,Sylph,Tempest,Aerial Water Skirmisher,70,90,70,100,65,85,130,610,Mist Plume,Aqua Wing; Torrent Glide,A graceful young water bird that rides misty currents with widening aqua-feathered wings.,"Mist lakes, waterfalls, coastal cliffs","Cheerful, elegant, evasive","bird, water, gale, wings, mist, aerial",0.58,No names on sheet. Names are AI draft and should be reviewed.,/assets/monari/_incoming/batch_001/evolution_sheets/C9CB43BF-AE3B-4B6A-8789-508C288DEA40_1_102_o.jpeg,public/assets/monari/_incoming/batch_001/evolution_sheets/C9CB43BF-AE3B-4B6A-8789-508C288DEA40_1_102_o.jpeg,batch001_035_crestwave
drafted,batch_001,aquaplume-line,,3,Final,evolution_sheets,C9CB43BF-AE3B-4B6A-8789-508C288DEA40_1_102_o.jpeg,C9CB43BF-AE3B-4B6A-8789-508C288DEA40_1_102_o.jpeg,,concept_only,public/assets/monari/_incoming/batch_001/evolution_sheets/C9CB43BF-AE3B-4B6A-8789-508C288DEA40_1_102_o.jpeg,Aqualume,Aqualume,aqualume,crestwave,,Rare,Water,Gale,Sylph,Tempest,Elegant Water-Gale Flyer,85,115,85,130,80,105,150,750,Mist Plume,Aqua Wing; Torrent Glide,A flowing final-form Water-Gale Monari whose wings and tail move like liquid streams.,"Mist lakes, waterfalls, coastal cliffs","Cheerful, elegant, evasive","bird, water, gale, wings, mist, aerial",0.58,No names on sheet. Names are AI draft and should be reviewed.,/assets/monari/_incoming/batch_001/evolution_sheets/C9CB43BF-AE3B-4B6A-8789-508C288DEA40_1_102_o.jpeg,public/assets/monari/_incoming/batch_001/evolution_sheets/C9CB43BF-AE3B-4B6A-8789-508C288DEA40_1_102_o.jpeg,batch001_036_aqualume
drafted,batch_001,lunaire-line,,1,Stage 1,standalone_images,12AB35ED-3701-4210-B897-CA813F139EF9_1_102_o.jpeg,12AB35ED-3701-4210-B897-CA813F139EF9_1_102_o.jpeg,,individual_ready,public/assets/monari/_incoming/batch_001/standalone_images/12AB35ED-3701-4210-B897-CA813F139EF9_1_102_o.jpeg,Lunaire,Lunaire,lunaire,,,Super Rare,Light,Thunder,Sylph,Seraph,Aerial Scout / Night Striker,85,120,105,120,80,100,150,760,Moonlit Current,Night Guide; Crescent Bolt,"A proud and swift bird Monari said to carry night-sky light, guiding allies through darkness with lightning-like markings.","Night skies, high cliffs, moonlit forests","Proud, swift, watchful","bird, hawk, moon, light, thunder, aerial, scout",0.9,Sheet says 'Minari'; official spelling should be Monari. No evolution line provided.,/assets/monari/_incoming/batch_001/standalone_images/12AB35ED-3701-4210-B897-CA813F139EF9_1_102_o.jpeg,public/assets/monari/_incoming/batch_001/standalone_images/12AB35ED-3701-4210-B897-CA813F139EF9_1_102_o.jpeg,batch001_037_lunaire
drafted,batch_001,voltkit-line,,1,Stage 1,standalone_images,37CB6D0E-A988-4B10-860E-9BB48A246308_1_105_c.jpeg,37CB6D0E-A988-4B10-860E-9BB48A246308_1_105_c.jpeg,,individual_ready,public/assets/monari/_incoming/batch_001/standalone_images/37CB6D0E-A988-4B10-860E-9BB48A246308_1_105_c.jpeg,Voltkit,Voltkit,voltkit,,,Rare,Thunder,,Feral,Tempest,Fast Starter-Style Striker,60,70,80,70,50,55,120,505,Static Pounce,Spark Pounce; Volt Tail,"A playful thunder cub with lightning markings on its ears, tail, and fur. It darts forward before opponents can react.","Open fields, stormy alleys, charged routes","Excitable, brave, mischievous","cat, thunder, cub, lightning, fast, quadruped",0.67,AI-generated name. Could become Stage 1 of a future line.,/assets/monari/_incoming/batch_001/standalone_images/37CB6D0E-A988-4B10-860E-9BB48A246308_1_105_c.jpeg,public/assets/monari/_incoming/batch_001/standalone_images/37CB6D0E-A988-4B10-860E-9BB48A246308_1_105_c.jpeg,batch001_038_voltkit
drafted,batch_001,gemora-line,,1,Stage 1,standalone_images,7AB890B2-2E83-49BB-B27E-DAEB44393EEF_1_102_o.jpeg,7AB890B2-2E83-49BB-B27E-DAEB44393EEF_1_102_o.jpeg,,individual_ready,public/assets/monari/_incoming/batch_001/standalone_images/7AB890B2-2E83-49BB-B27E-DAEB44393EEF_1_102_o.jpeg,Gemora,Gemora,gemora,,,Super Rare,Crystal,Aether,Drake,Astral,Special Striker / Mystic Duelist,75,115,85,130,75,105,120,705,Crystal Heart,Shard Pulse; Aether Claw,A crystal-marked drake Monari whose tail shards glow with aether light and store condensed energy.,"Crystal groves, aether caves, ruins","Curious, intense, clever","lizard, drake, crystal, aether, shards, special-attacker",0.62,Standalone image. May overlap visually with Prismaris/crystal family but not a clear duplicate.,/assets/monari/_incoming/batch_001/standalone_images/7AB890B2-2E83-49BB-B27E-DAEB44393EEF_1_102_o.jpeg,public/assets/monari/_incoming/batch_001/standalone_images/7AB890B2-2E83-49BB-B27E-DAEB44393EEF_1_102_o.jpeg,batch001_039_gemora
drafted,batch_001,fernix-line,,1,Stage 1,standalone_images,8E155EE5-E149-49F1-B72E-628FADD7D30C_1_102_o.jpeg,8E155EE5-E149-49F1-B72E-628FADD7D30C_1_102_o.jpeg,,individual_ready,public/assets/monari/_incoming/batch_001/standalone_images/8E155EE5-E149-49F1-B72E-628FADD7D30C_1_102_o.jpeg,Fernix,Fernix,fernix,,,Rare,Flora,Gale,Feral,Drake,Agile Flora Striker,75,85,85,90,65,75,125,600,Leaf Sprint,Vine Rush; Fern Gale,"A bright leaf-crested Flora Monari that bounds through sunlight, using fern-tail balance and vine-wrapped strikes.","Sunny forests, fern fields, jungle paths","Bright, adventurous, energetic","flora, leaf, fern, lizard, agile, vines",0.66,AI-generated name. Standalone art; could be Stage 1 or mid-stage.,/assets/monari/_incoming/batch_001/standalone_images/8E155EE5-E149-49F1-B72E-628FADD7D30C_1_102_o.jpeg,public/assets/monari/_incoming/batch_001/standalone_images/8E155EE5-E149-49F1-B72E-628FADD7D30C_1_102_o.jpeg,batch001_040_fernix
needs_review,batch_001,obsidivine-line,,1,Stage 1,standalone_images,9FF26B64-498C-4995-80C6-7F4657C1D9A9_1_102_o.jpeg,9FF26B64-498C-4995-80C6-7F4657C1D9A9_1_102_o.jpeg,,individual_ready,public/assets/monari/_incoming/batch_001/standalone_images/9FF26B64-498C-4995-80C6-7F4657C1D9A9_1_102_o.jpeg,Obsidivine,Obsidivine,obsidivine,,,Ancient,Aether,Crystal,Astral,Golem,Support / Battlefield Control,80,170,55,145,100,145,125,820,Obsidian Grace,Violet Sigil; Aether Mend,"An ancient floating Monari of obsidian plates and violet aether smoke, able to gather damaged energy into healing sigils.","Ancient ruins, crystal temples, spirit rifts","Serene, mysterious, protective","spirit, obsidian, crystal, aether, floating, support, control",0.64,Standalone image. Could be related to Prismaris or a separate Ancient line; needs review.,/assets/monari/_incoming/batch_001/standalone_images/9FF26B64-498C-4995-80C6-7F4657C1D9A9_1_102_o.jpeg,public/assets/monari/_incoming/batch_001/standalone_images/9FF26B64-498C-4995-80C6-7F4657C1D9A9_1_102_o.jpeg,batch001_041_obsidivine
